{"name":"PBI dataflows Demo 2 - Dimensions","description":"","version":"1.0","culture":"en-US","modifiedTime":"2020-01-27T14:37:14.1683125+00:00","pbi:mashup":{"fastCombine":false,"allowNativeQueries":false,"queriesMetadata":{"Product":{"queryId":"ff70cb7e-917b-4663-8b2e-89ac6a570bba","queryName":"Product","loadEnabled":true},"Sample file":{"queryId":"e6c506fd-6afd-482c-af03-13b93de064d9","queryName":"Sample file","queryGroupId":"dc613bed-24e6-450e-b890-edcea9ea3503"},"Parameter":{"queryId":"1a68483e-f4b2-48af-a783-d0776bae3749","queryName":"Parameter","queryGroupId":"dc613bed-24e6-450e-b890-edcea9ea3503"},"Transform Sample file":{"queryId":"bbcec3fa-c56e-4986-8b3e-12939927a3ac","queryName":"Transform Sample file","queryGroupId":"f939492c-58d7-4950-ac5d-56affbdd407a"},"Transform file":{"queryId":"8ca056d8-1878-4c09-8b59-7465ed88bc35","queryName":"Transform file","queryGroupId":"dc613bed-24e6-450e-b890-edcea9ea3503"},"Calendar":{"queryId":"c24dca1f-2e94-483a-96ef-54821ec03c98","queryName":"Calendar","loadEnabled":true}},"document":"section Section1;\r\nshared Product = let\r\n  Source = AzureStorage.Blobs(\"adlsg2demo00\"),\r\n  Navigation = Source{[Name = \"diad\"]}[Data],\r\n  #\"Filtered rows\" = Table.SelectRows(Navigation, each ([Name] = \"USSales/product_dimension.xlsx\")),\r\n  #\"Filtered hidden files\" = Table.SelectRows(#\"Filtered rows\", each [Attributes]?[Hidden]? <> true),\r\n  #\"Invoke custom function\" = Table.AddColumn(#\"Filtered hidden files\", \"Transform file\", each #\"Transform file\"([Content])),\r\n  #\"Renamed columns\" = Table.RenameColumns(#\"Invoke custom function\", {{\"Name\", \"Source.Name\"}}),\r\n  #\"Removed other columns\" = Table.SelectColumns(#\"Renamed columns\", {\"Source.Name\", \"Transform file\"}),\r\n  #\"Expanded table column\" = Table.ExpandTableColumn(#\"Removed other columns\", \"Transform file\", Table.ColumnNames(#\"Transform file\"(#\"Sample file\"))),\r\n  #\"Changed column type\" = Table.TransformColumnTypes(#\"Expanded table column\", {{\"Source.Name\", type text}, {\"ProductID\", Int64.Type}, {\"Product\", type text}, {\"Category\", type text}, {\"ManufacturerID\", Int64.Type}, {\"Price\", type text}})\r\nin\r\n  #\"Changed column type\";\r\nshared #\"Sample file\" = let\r\n  Source = AzureStorage.Blobs(\"adlsg2demo00\"),\r\n  Navigation = Source{[Name = \"diad\"]}[Data],\r\n  #\"Filtered rows\" = Table.SelectRows(Navigation, each ([Name] = \"USSales/product_dimension.xlsx\")),\r\n  #\"Filtered hidden files\" = Table.SelectRows(#\"Filtered rows\", each [Attributes]?[Hidden]? <> true),\r\n  #\"Navigation 1\" = #\"Filtered hidden files\"{0}[Content]\r\nin\r\n  #\"Navigation 1\";\r\nshared Parameter = let\r\n  Parameter = #\"Sample file\" meta [IsParameterQuery = true, IsParameterQueryRequired = true, Type = type binary]\r\nin\r\n  Parameter;\r\nshared #\"Transform Sample file\" = let\r\n  Source = Excel.Workbook(Parameter, null, true),\r\n  Navigation = Source{[Item = \"Product_Table\", Kind = \"Table\"]}[Data],\r\n  #\"Changed column type\" = Table.TransformColumnTypes(Navigation, {{\"ProductID\", Int64.Type}, {\"Product\", type text}, {\"Category\", type text}, {\"ManufacturerID\", Int64.Type}, {\"Price\", type text}})\r\nin\r\n  #\"Changed column type\";\r\nshared #\"Transform file\" = let\r\n  Source = (Parameter as binary) => let\r\n    Source = Excel.Workbook(Parameter, null, true),\r\n    Navigation = Source{[Item = \"Product_Table\", Kind = \"Table\"]}[Data],\r\n    #\"Changed column type\" = Table.TransformColumnTypes(Navigation, {{\"ProductID\", Int64.Type}, {\"Product\", type text}, {\"Category\", type text}, {\"ManufacturerID\", Int64.Type}, {\"Price\", type text}})\r\nin\r\n    #\"Changed column type\"\r\nin\r\n  Source;\r\n"},"annotations":[{"name":"pbi:QueryGroups","value":"[{\"id\":\"f939492c-58d7-4950-ac5d-56affbdd407a\",\"name\":\"Transform file from diad\",\"description\":null,\"parentId\":\"root\",\"order\":0},{\"id\":\"dc613bed-24e6-450e-b890-edcea9ea3503\",\"name\":\"Helper queries\",\"description\":null,\"parentId\":\"f939492c-58d7-4950-ac5d-56affbdd407a\",\"order\":0}]"}],"entities":[{"$type":"LocalEntity","name":"Product","description":"","pbi:refreshPolicy":{"$type":"FullRefreshPolicy","location":"Product.csv"},"attributes":[{"name":"Source.Name","dataType":"string"},{"name":"ProductID","dataType":"int64"},{"name":"Product","dataType":"string"},{"name":"Category","dataType":"string"},{"name":"ManufacturerID","dataType":"int64"},{"name":"Price","dataType":"string"}]},{"$type":"ReferenceEntity","name":"Calendar","description":"","source":"Calendar","modelId":"6b2a2c00-eb51-422d-9aef-983b14b5d77f/116fd463-1e96-436c-9ffc-ce12471fa8c2","annotations":[{"name":"pbi:EntityTypeDisplayHint","value":"LinkedEntity"}]}],"referenceModels":[{"id":"6b2a2c00-eb51-422d-9aef-983b14b5d77f/116fd463-1e96-436c-9ffc-ce12471fa8c2"}]}