{"name":"PBI dataflows Demo 1","description":"","version":"1.0","culture":"en-US","modifiedTime":"2020-01-27T14:18:53.6473781+00:00","pbi:mashup":{"fastCombine":false,"allowNativeQueries":false,"queriesMetadata":{"Australia":{"queryId":"2b7cfde0-4930-4239-82e0-6bdad00c8005","queryName":"Australia","loadEnabled":true},"Sample file":{"queryId":"298ea4f1-3044-4c3d-bd4b-69d404f1d899","queryName":"Sample file","queryGroupId":"654f80cf-5081-4443-bd25-e422adb02db4"},"Parameter":{"queryId":"f47f39c3-cbb0-445b-b25b-5cfbb7392a18","queryName":"Parameter","queryGroupId":"654f80cf-5081-4443-bd25-e422adb02db4"},"Transform Sample file":{"queryId":"8df453b8-aa56-4bf1-a6bf-c6ce117c5b06","queryName":"Transform Sample file","queryGroupId":"2734c023-453e-4420-8fbc-6dbd626d3d73"},"Transform file":{"queryId":"b90450c6-3fd7-4c53-bed7-5557d77331c1","queryName":"Transform file","queryGroupId":"654f80cf-5081-4443-bd25-e422adb02db4"},"Calendar":{"queryId":"93bbee10-3a1e-49e9-9155-d8e86b733cb5","queryName":"Calendar","loadEnabled":true}},"document":"section Section1;\r\nshared Australia = let\r\n  Source = AzureStorage.Blobs(\"adlsg2demo00\"),\r\n  Navigation = Source{[Name = \"diad\"]}[Data],\r\n  #\"Filtered rows\" = Table.SelectRows(Navigation, each ([Name] = \"InternationalSales/Australia.csv\")),\r\n  #\"Filtered hidden files\" = Table.SelectRows(#\"Filtered rows\", each [Attributes]?[Hidden]? <> true),\r\n  #\"Invoke custom function\" = Table.AddColumn(#\"Filtered hidden files\", \"Transform file\", each #\"Transform file\"([Content])),\r\n  #\"Renamed columns\" = Table.RenameColumns(#\"Invoke custom function\", {{\"Name\", \"Source.Name\"}}),\r\n  #\"Removed other columns\" = Table.SelectColumns(#\"Renamed columns\", {\"Source.Name\", \"Transform file\"}),\r\n  #\"Expanded table column\" = Table.ExpandTableColumn(#\"Removed other columns\", \"Transform file\", Table.ColumnNames(#\"Transform file\"(#\"Sample file\"))),\r\n  #\"Changed column type\" = Table.TransformColumnTypes(#\"Expanded table column\", {{\"Source.Name\", type text}, {\"ProductID\", Int64.Type}, {\"Date\", type date}, {\"Zip\", Int64.Type}, {\"Units\", Int64.Type}, {\"Revenue\", type number}, {\"Country\", type text}})\r\nin\r\n  #\"Changed column type\";\r\nshared #\"Sample file\" = let\r\n  Source = AzureStorage.Blobs(\"adlsg2demo00\"),\r\n  Navigation = Source{[Name = \"diad\"]}[Data],\r\n  #\"Filtered rows\" = Table.SelectRows(Navigation, each ([Name] = \"InternationalSales/Australia.csv\")),\r\n  #\"Filtered hidden files\" = Table.SelectRows(#\"Filtered rows\", each [Attributes]?[Hidden]? <> true),\r\n  #\"Navigation 1\" = #\"Filtered hidden files\"{0}[Content]\r\nin\r\n  #\"Navigation 1\";\r\nshared Parameter = let\r\n  Parameter = #\"Sample file\" meta [IsParameterQuery = true, IsParameterQueryRequired = true, Type = type binary]\r\nin\r\n  Parameter;\r\nshared #\"Transform Sample file\" = let\r\n  Source = Csv.Document(Parameter, [Delimiter = \",\", Columns = 6, QuoteStyle = QuoteStyle.None]),\r\n  #\"Promoted headers\" = Table.PromoteHeaders(Source, [PromoteAllScalars = true]),\r\n  #\"Changed column type\" = Table.TransformColumnTypes(#\"Promoted headers\", {{\"ProductID\", Int64.Type}, {\"Date\", type date}, {\"Zip\", Int64.Type}, {\"Units\", Int64.Type}, {\"Revenue\", type number}, {\"Country\", type text}})\r\nin\r\n  #\"Changed column type\";\r\nshared #\"Transform file\" = let\r\n  Source = (Parameter as binary) => let\r\n  Source = Csv.Document(Parameter, [Delimiter = \",\", Columns = 6, QuoteStyle = QuoteStyle.None]),\r\n  #\"Promoted headers\" = Table.PromoteHeaders(Source, [PromoteAllScalars = true]),\r\n  #\"Changed column type\" = Table.TransformColumnTypes(#\"Promoted headers\", {{\"ProductID\", Int64.Type}, {\"Date\", type date}, {\"Zip\", Int64.Type}, {\"Units\", Int64.Type}, {\"Revenue\", type number}, {\"Country\", type text}})\r\nin\r\n  #\"Changed column type\"\r\nin\r\n  Source;\r\nshared Calendar = let\r\n  Source = List.Dates(StartDate, Length, #duration(1, 0, 0, 0)),\r\n  #\"Converted to Table\" = Table.FromList(Source, Splitter.SplitByNothing(), null, null, ExtraValues.Error),\r\n  #\"Renamed Columns\" = Table.RenameColumns(#\"Converted to Table\", {{\"Column1\", \"Date\"}}),\r\n  #\"Changed Type\" = Table.TransformColumnTypes(#\"Renamed Columns\", {{\"Date\", type date}}),\r\n  StartDate = #date(2016, 1, 1),\r\n  Today = DateTime.Date(DateTime.LocalNow()),\r\n  Length = Duration.Days(Today - StartDate),\r\n  Custom1 = #\"Changed Type\",\r\n  #\"Inserted Year\" = Table.AddColumn(Custom1, \"Fin Year\", each Date.Year([Date]+#duration(184,0,0,0)), Int64.Type),\r\n  #\"Inserted Month Name\" = Table.AddColumn(#\"Inserted Year\", \"Month Name\", each Date.MonthName([Date]), type text),\r\n  #\"Inserted Day Name\" = Table.AddColumn(#\"Inserted Month Name\", \"Day Name\", each Date.DayOfWeekName([Date]), type text),\r\n  #\"Inserted Month\" = Table.AddColumn(#\"Inserted Day Name\", \"Fin Month\", each if Date.Month([Date]) >=7 then Date.Month([Date])-6 else Date.Month([Date])+6  , Int64.Type),\r\n  #\"Inserted Day of Week\" = Table.AddColumn(#\"Inserted Month\", \"Day of Week\", each Date.DayOfWeek([Date])+1, Int64.Type),\r\n  #\"Inserted First Characters\" = Table.AddColumn(#\"Inserted Day of Week\", \"MMM\", each Text.Start([Month Name], 3), type text),\r\n  #\"Inserted First Characters1\" = Table.AddColumn(#\"Inserted First Characters\", \"DDD\", each Text.Start([Day Name], 3), type text),\r\n  #\"Reordered Columns\" = Table.ReorderColumns(#\"Inserted First Characters1\", {\"Date\", \"Fin Year\", \"Month Name\", \"MMM\", \"Fin Month\", \"Day Name\", \"DDD\", \"Day of Week\"}),\r\n  #\"Added Custom\" = Table.AddColumn(#\"Reordered Columns\", \"YYMM\", each ([Fin Year]-2000)*100 + [Fin Month]),\r\n  #\"Changed Type1\" = Table.TransformColumnTypes(#\"Added Custom\", {{\"YYMM\", Int64.Type}}),\r\n  #\"Added Custom1\" = Table.AddColumn(#\"Changed Type1\", \"MonthID\", each (Date.Year([Date]) - Date.Year(StartDate))*12 + Date.Month([Date])),\r\n  #\"Changed Type2\" = Table.TransformColumnTypes(#\"Added Custom1\", {{\"MonthID\", Int64.Type}})\r\nin\r\n  #\"Changed Type2\";\r\n"},"annotations":[{"name":"pbi:QueryGroups","value":"[{\"id\":\"2734c023-453e-4420-8fbc-6dbd626d3d73\",\"name\":\"Transform file from diad\",\"description\":null,\"parentId\":\"root\",\"order\":0},{\"id\":\"654f80cf-5081-4443-bd25-e422adb02db4\",\"name\":\"Helper queries\",\"description\":null,\"parentId\":\"2734c023-453e-4420-8fbc-6dbd626d3d73\",\"order\":0}]"}],"entities":[{"$type":"LocalEntity","name":"Australia","description":"","pbi:refreshPolicy":{"$type":"FullRefreshPolicy","location":"Australia.csv"},"attributes":[{"name":"Source.Name","dataType":"string"},{"name":"ProductID","dataType":"int64"},{"name":"Date","dataType":"dateTime"},{"name":"Zip","dataType":"int64"},{"name":"Units","dataType":"int64"},{"name":"Revenue","dataType":"double"},{"name":"Country","dataType":"string"}],"partitions":[{"name":"Part001","refreshTime":"2020-01-27T14:21:23.4885176+00:00","location":"https://wabinoeucdsa.blob.core.windows.net:443/6fcf0c77-a1d7-49a7-a7dc-f3cd40cbc51a/Australia.csv?snapshot=2020-01-27T14%3A21%3A23.4869111Z"}]},{"$type":"LocalEntity","name":"Calendar","description":"","pbi:refreshPolicy":{"$type":"FullRefreshPolicy","location":"Calendar.csv"},"attributes":[{"name":"Date","dataType":"dateTime"},{"name":"Fin Year","dataType":"int64"},{"name":"Month Name","dataType":"string"},{"name":"MMM","dataType":"string"},{"name":"Fin Month","dataType":"int64"},{"name":"Day Name","dataType":"string"},{"name":"DDD","dataType":"string"},{"name":"Day of Week","dataType":"int64"},{"name":"YYMM","dataType":"int64"},{"name":"MonthID","dataType":"int64"}],"partitions":[{"name":"Part001","refreshTime":"2020-01-27T14:21:54.1288073+00:00","location":"https://wabinoeucdsa.blob.core.windows.net:443/6fcf0c77-a1d7-49a7-a7dc-f3cd40cbc51a/Calendar.csv?snapshot=2020-01-27T14%3A21%3A54.1132846Z"}]}]}