﻿continent_name,country_name
Europe,Ã…land
Asia,Afghanistan
North America,Alabama
North America,Alaska
Europe,Albania
Africa,Algeria
Oceania,American Samoa
Europe,Andorra
Africa,Angola
North America,Anguilla
Antarctica,Antarctica
North America,Antigua and Barbuda
South America,Argentina
North America,Arizona
North America,Arkansas
Asia,Armenia
North America,Aruba
Oceania,Australia
Europe,Austria
Asia,Azerbaijan
North America,Bahamas
Asia,Bahrain
Asia,Bangladesh
North America,Barbados
Europe,Belarus
Europe,Belgium
North America,Belize
Africa,Benin
North America,Bermuda
Asia,Bhutan
South America,Bolivia
North America,"Bonaire, Sint Eustatius, and Saba"
Europe,Bosnia and Herzegovina
Africa,Botswana
South America,Brazil
North America,British Virgin Islands
Asia,Brunei
Europe,Bulgaria
Africa,Burkina Faso
Africa,Burundi
Africa,Cabo Verde
North America,California
Asia,Cambodia
Africa,Cameroon
North America,Canada
North America,Cayman Islands
Africa,Central African Republic
Africa,Chad
South America,Chile
Asia,China
Asia,Christmas Island
Asia,Cocos [Keeling] Islands
South America,Colombia
North America,Colorado
Africa,Comoros
Africa,Congo
North America,Connecticut
Oceania,Cook Islands
North America,Costa Rica
Europe,Croatia
North America,Cuba
North America,CuraÃ§ao
Europe,Cyprus
Europe,Czechia
North America,Delaware
Europe,Denmark
North America,District of Columbia
Africa,Djibouti
North America,Dominica
North America,Dominican Republic
Oceania,East Timor
South America,Ecuador
Africa,Egypt
North America,El Salvador
Africa,Equatorial Guinea
Africa,Eritrea
Europe,Estonia
Africa,Ethiopia
South America,Falkland Islands
Europe,Faroe Islands
Oceania,Fiji
Europe,Finland
North America,Florida
Europe,France
South America,French Guiana
Oceania,French Polynesia
Antarctica,French Southern Territories
Africa,Gabon
Africa,Gambia
North America,Georgia
Asia,Georgia (ex URSS)
Europe,Germany
Africa,Ghana
Europe,Gibraltar
Europe,Greece
North America,Greenland
North America,Grenada
North America,Guadeloupe
Oceania,Guam
North America,Guatemala
Europe,Guernsey
Africa,Guinea
Africa,Guinea-Bissau
South America,Guyana
North America,Haiti
Asia,Hashemite Kingdom of Jordan
North America,Hawaii
North America,Honduras
Asia,Hong Kong
Europe,Hungary
Europe,Iceland
North America,Idaho
North America,Illinois
Asia,India
North America,Indiana
Asia,Indonesia
North America,Iowa
Asia,Iran
Asia,Iraq
Europe,Ireland
Europe,Isle of Man
Asia,Israel
Europe,Italy
Africa,Ivory Coast
North America,Jamaica
Asia,Japan
Europe,Jersey
North America,Kansas
Asia,Kazakhstan
North America,Kentucky
Africa,Kenya
Oceania,Kiribati
Europe,Kosovo
Asia,Kuwait
Asia,Kyrgyzstan
Asia,Laos
Europe,Latvia
Asia,Lebanon
Africa,Lesotho
Africa,Liberia
Africa,Libya
Europe,Liechtenstein
North America,Louisiana
Europe,Luxembourg
Asia,Macao
Europe,Macedonia
Africa,Madagascar
North America,Maine
Africa,Malawi
Asia,Malaysia
Asia,Maldives
Africa,Mali
Europe,Malta
North America,Martinique
North America,Maryland
North America,Massachusetts
Africa,Mauritania
Africa,Mauritius
Africa,Mayotte
North America,Mexico
North America,Michigan
North America,Minnesota
North America,Mississippi
North America,Missouri
Europe,Monaco
Asia,Mongolia
North America,Montana
Europe,Montenegro
North America,Montserrat
Africa,Morocco
Africa,Mozambique
Asia,Myanmar [Burma]
Africa,Namibia
Oceania,Nauru
North America,Nebraska
Asia,Nepal
Europe,Netherlands
North America,Netherlands Antilles
North America,Nevada
Oceania,New Caledonia
North America,New Hampshire
North America,New Jersey
North America,New Mexico
North America,New York
Oceania,New Zealand
North America,Nicaragua
Africa,Niger
Africa,Nigeria
Oceania,Niue
Oceania,Norfolk Island
North America,North Carolina
North America,North Dakota
Asia,North Korea
Oceania,Northern Mariana Islands
Europe,Norway
North America,Ohio
North America,Oklahoma
Asia,Oman
North America,Oregon
Asia,Pakistan
Asia,Palestine
North America,Panama
Oceania,Papua New Guinea
South America,Paraguay
North America,Pennsylvania
South America,Peru
Asia,Philippines
Oceania,Pitcairn Islands
Europe,Poland
Europe,Portugal
North America,Puerto Rico
Asia,Qatar
Africa,RÃ©union
Asia,Republic of Korea
Europe,Republic of Lithuania
Europe,Republic of Moldova
Africa,Republic of the Congo
North America,Rhode Island
Europe,Romania
Europe,Russian Federation
Africa,Rwanda
Africa,SÃ£o TomÃ© and PrÃ­ncipe
Africa,Saint Helena
North America,Saint Lucia
North America,Saint Martin
North America,Saint Pierre and Miquelon
North America,Saint Vincent and the Grenadines
North America,Saint-BarthÃ©lemy
Oceania,Samoa
Europe,San Marino
Asia,Saudi Arabia
Africa,Senegal
Europe,Serbia
Africa,Seychelles
Africa,Sierra Leone
Asia,Singapore
North America,Sint Maarten
Europe,Slovakia
Europe,Slovenia
Oceania,Solomon Islands
Africa,Somalia
Africa,South Africa
North America,South Carolina
North America,South Dakota
Antarctica,South Georgia and the South Sandwich Islands
Africa,South Sudan
Europe,Spain
Asia,Sri Lanka
North America,St Kitts and Nevis
Africa,Sudan
South America,Suriname
Europe,Svalbard and Jan Mayen
Africa,Swaziland
Europe,Sweden
Europe,Switzerland
Asia,Syria
Asia,Taiwan
Asia,Tajikistan
Africa,Tanzania
North America,Tennessee
North America,Texas
Asia,Thailand
Africa,Togo
Oceania,Tokelau
Oceania,Tonga
North America,Trinidad and Tobago
Africa,Tunisia
Asia,Turkey
Asia,Turkmenistan
North America,Turks and Caicos Islands
Oceania,Tuvalu
North America,U.S. Virgin Islands
Africa,Uganda
Europe,Ukraine
Asia,United Arab Emirates
Europe,United Kingdom
South America,Uruguay
North America,Utah
Asia,Uzbekistan
Oceania,Vanuatu
South America,Venezuela
North America,Vermont
Asia,Vietnam
North America,Virginia
Oceania,Wallis and Futuna
North America,Washington
North America,West Virginia
Africa,Western Sahara
North America,Wisconsin
North America,Wyoming
Asia,Yemen
Africa,Zambia
Africa,Zimbabwe
